feature,mean_Mild,mean_Severe,log2FC_(Severe_vs_Mild),p_value,q_value
Bacteroides,0.29000000000000004,0.045,-2.688055966600181,0.3333333333333333,0.3333333333333333
Faecalibacterium,0.11,0.375,1.7693870625903612,0.3333333333333333,0.3333333333333333
Escherichia,0.015,0.08499999999999999,2.5025002613223997,0.3333333333333333,0.3333333333333333
